{
  "tests": [
    {
      "name": "Test 1 - Fatorial 1",
      "setup": "make fatorial",
      "run": "./bin/fatorial",
      "input": "3",
      "output": "6",
      "comparison": "included",
      "timeout": 2,
      "points": 10
    },
    {
      "name": "Test 1 - Fatorial 2",
      "setup": "make fatorial",
      "run": "./bin/fatorial",
      "input": "5",
      "output": "120",
      "comparison": "included",
      "timeout": 2,
      "points": 10
    },
    {
      "name": "Test 1 - Fatorial 3",
      "setup": "make fatorial",
      "run": "./bin/fatorial",
      "input": "4",
      "output": "24",
      "comparison": "included",
      "timeout": 2,
      "points": 10
    },
      {
      "name": "Test 2 - Fibonacci 1",
      "setup": "make fibo",
      "run": "./bin/fibo",
      "input": "4",
      "output": "3",
      "comparison": "included",
      "timeout": 2,
      "points": 10
    },
    {
      "name": "Test 2 - Fibonacci 2",
      "setup": "make fibo",
      "run": "./bin/fibo",
      "input": "7",
      "output": "13",
      "comparison": "included",
      "timeout": 2,
      "points": 10
    },
    {
      "name": "Test 2 - Fibonacci 3",
      "setup": "make fibo",
      "run": "./bin/fibo",
      "input": "6",
      "output": "8",
      "comparison": "included",
      "timeout": 2,
      "points": 10
    },
    {
      "name": "Test 3 - MDC 1",
      "setup": "make mdc",
      "run": "./bin/mdc",
      "input": "12 18",
      "output": "6",
      "comparison": "included",
      "timeout": 2,
      "points": 10
    },
    {
      "name": "Test 3 - MDC 2",
      "setup": "make mdc",
      "run": "./bin/mdc",
      "input": "28 32",
      "output": "4",
      "comparison": "included",
      "timeout": 2,
      "points": 10
    },
    {
      "name": "Test 3 - MDC 3",
      "setup": "make mdc",
      "run": "./bin/mdc",
      "input": "20 30",
      "output": "10",
      "comparison": "included",
      "timeout": 2,
      "points": 10
    }
  
  ]
}
